{"cameraMode":{"drawMode":0,"name":"Shaded","section":"Shading Mode"},"sceneLighting":true,"audioPlay":false,"sceneViewState":{"showFog":true,"showMaterialUpdate":false,"showSkybox":true,"showFlares":true,"showImageEffects":true,"showParticleSystems":true},"in2DMode":false,"pivot":{"x":16.991533279418947,"y":2.281844139099121,"z":10.738652229309082},"rotation":{"x":-0.15678052604198457,"y":-0.029332023113965989,"z":0.004657914862036705,"w":-0.9871877431869507},"size":35.16706848144531,"orthographic":false}