{"cameraMode":{"drawMode":0,"name":"Shaded","section":"Shading Mode"},"sceneLighting":true,"audioPlay":false,"sceneViewState":{"showFog":true,"showMaterialUpdate":false,"showSkybox":true,"showFlares":true,"showImageEffects":true,"showParticleSystems":true},"in2DMode":false,"pivot":{"x":-24.79345703125,"y":-13.059603691101075,"z":-18.12659454345703},"rotation":{"x":-0.060986846685409549,"y":0.9307829141616821,"z":-0.1826878935098648,"w":-0.31072500348091128},"size":61.1153678894043,"orthographic":false}