{"cameraMode":{"drawMode":0,"name":"Shaded","section":"Shading Mode"},"sceneLighting":true,"audioPlay":false,"sceneViewState":{"showFog":true,"showMaterialUpdate":false,"showSkybox":true,"showFlares":true,"showImageEffects":true,"showParticleSystems":true},"in2DMode":false,"pivot":{"x":-7.8104634284973148,"y":-16.21084976196289,"z":62.40565490722656},"rotation":{"x":-0.1506330370903015,"y":0.06104934588074684,"z":-0.009320806711912156,"w":-0.986659049987793},"size":104.18380737304688,"orthographic":false}