{"cameraMode":{"drawMode":0,"name":"Shaded","section":"Shading Mode"},"sceneLighting":true,"audioPlay":false,"sceneViewState":{"showFog":true,"showMaterialUpdate":false,"showSkybox":true,"showFlares":true,"showImageEffects":true,"showParticleSystems":true},"in2DMode":false,"pivot":{"x":-0.8745348453521729,"y":-0.9525117874145508,"z":-1.6577644348144532},"rotation":{"x":-0.013204723596572876,"y":0.9765730500221252,"z":-0.20540393888950349,"w":-0.06278131157159805},"size":26.4968318939209,"orthographic":false}