{"cameraMode":{"drawMode":0,"name":"Shaded","section":"Shading Mode"},"sceneLighting":true,"audioPlay":false,"sceneViewState":{"showFog":true,"showMaterialUpdate":false,"showSkybox":true,"showFlares":true,"showImageEffects":true,"showParticleSystems":true},"in2DMode":false,"pivot":{"x":11.710925102233887,"y":-18.0845947265625,"z":63.18421936035156},"rotation":{"x":-0.15678052604198457,"y":-0.029332023113965989,"z":0.004657914862036705,"w":-0.9871877431869507},"size":97.21621704101563,"orthographic":false}