{"cameraMode":{"drawMode":0,"name":"Shaded","section":"Shading Mode"},"sceneLighting":false,"audioPlay":false,"sceneViewState":{"showFog":true,"showMaterialUpdate":false,"showSkybox":false,"showFlares":true,"showImageEffects":true,"showParticleSystems":true},"in2DMode":false,"pivot":{"x":67.74700164794922,"y":1.75,"z":-1.3200000524520875},"rotation":{"x":-0.15678052604198457,"y":-0.029332023113965989,"z":0.004657914862036705,"w":-0.9871877431869507},"size":2.8578836917877199,"orthographic":false}