{"cameraMode":{"drawMode":0,"name":"Shaded","section":"Shading Mode"},"sceneLighting":false,"audioPlay":false,"sceneViewState":{"showFog":true,"showMaterialUpdate":false,"showSkybox":false,"showFlares":true,"showImageEffects":true,"showParticleSystems":true},"in2DMode":false,"pivot":{"x":0.2012948989868164,"y":-0.9783883094787598,"z":-0.26022380590438845},"rotation":{"x":-0.16988541185855866,"y":0.6919646859169006,"z":-0.17286719381809236,"w":-0.6800298094749451},"size":6.536501884460449,"orthographic":false}